Number,First Name ,Last Name,Email,State,Zip
,,,,,
1827864013,FirstName01,LastName01,Email@gmail.com01,State01,1001
1827864013,FirstName02,LastName02,Email@gmail.com02,State02,1001
1827864014,FirstName03,LastName03,Email@gmail.com03,State03,1001
1827864015,FirstName04,LastName04,Email@gmail.com04,State04,1001
1827864016,FirstName05,LastName05,Email@gmail.com05,State05,1001
1827864017,FirstName06,LastName06,Email@gmail.com06,State06,1001
1827864018,FirstName07,LastName07,Email@gmail.com07,State07,1001
1827864019,FirstName08,LastName08,Email@gmail.com08,State08,1001
1827864020,FirstName09,LastName09,Email@gmail.com09,State09,1001
1827864021,FirstName10,LastName10,Email@gmail.com10,State10,1001
12025550133,FirstName11,LastName11,Email@gmail.com11,State11,1001
12025550133,FirstName12,LastName12,Email@gmail.com12,State12,1001
12025550133,FirstName13,LastName13,Email@gmail.com13,State13,1001
12025550133,FirstName14,LastName14,Email@gmail.com14,State14,1001
1202555013,FirstName15,LastName15,Email@gmail.com15,State15,1001
+1202555013a,FirstName16,LastName16,Email@gmail.com16,State16,1001
+1202555013a,FirstName17,LastName17,Email@gmail.com17,State17,1001
+1202555013a,FirstName18,LastName18,Email@gmail.com18,State18,1001
+1202555013a,FirstName19,LastName19,Email@gmail.com19,State19,1001
+1202555013a,FirstName20,LastName20,Email@gmail.com20,State20,1001
+1202555013a,FirstName21,LastName21,Email@gmail.com21,State21,1001
+1202555013a,FirstName22,LastName22,Email@gmail.com22,State22,1001
+1202555013a,FirstName23,LastName23,Email@gmail.com23,State23,1001
+1202555013a,FirstName24,LastName24,Email@gmail.com24,State24,1001
+1202555013a,FirstName25,LastName25,Email@gmail.com25,State25,1001
+1202555013a,FirstName26,LastName26,Email@gmail.com26,State26,1001
+1202555013a,FirstName27,LastName27,Email@gmail.com27,State27,1001
+1202555013a,FirstName28,LastName28,Email@gmail.com28,State28,1001
+1202555013a,FirstName29,LastName29,Email@gmail.com29,State29,1001
+1202555013a,FirstName30,LastName30,Email@gmail.com30,State30,1001
+1202555013a,FirstName31,LastName31,Email@gmail.com31,State31,1001
+1202555013a,FirstName32,LastName32,Email@gmail.com32,State32,1001
+1202555013a,FirstName33,LastName33,Email@gmail.com33,State33,1001
+1202555013a,FirstName34,LastName34,Email@gmail.com34,State34,1001
+1202555013a,FirstName35,LastName35,Email@gmail.com35,State35,1001
+1202555013a,FirstName36,LastName36,Email@gmail.com36,State36,1001
+1202555013a,FirstName37,LastName37,Email@gmail.com37,State37,1001
+1202555013a,FirstName38,LastName38,Email@gmail.com38,State38,1001
+1202555013a,FirstName39,LastName39,Email@gmail.com39,State39,1001
+1202555013a,FirstName40,LastName40,Email@gmail.com40,State40,1001
+1202555013a,FirstName41,LastName41,Email@gmail.com41,State41,1001
+1202555013a,FirstName42,LastName42,Email@gmail.com42,State42,1001
+1202555013a,FirstName43,LastName43,Email@gmail.com43,State43,1001
+1202555013a,FirstName44,LastName44,Email@gmail.com44,State44,1001
+1202555013a,FirstName45,LastName45,Email@gmail.com45,State45,1001
+1202555013a,FirstName46,LastName46,Email@gmail.com46,State46,1001
+1202555013a,FirstName47,LastName47,Email@gmail.com47,State47,1001
+1202555013a,FirstName48,LastName48,Email@gmail.com48,State48,1001
+1202555013a,FirstName49,LastName49,Email@gmail.com49,State49,1001
+1202555013a,FirstName50,LastName50,Email@gmail.com50,State50,1001
+1202555013a,FirstName51,LastName51,Email@gmail.com51,State51,1001
+1202555013a,FirstName52,LastName52,Email@gmail.com52,State52,1001
+1202555013a,FirstName53,LastName53,Email@gmail.com53,State53,1001
+1202555013a,FirstName54,LastName54,Email@gmail.com54,State54,1001
+1202555013a,FirstName55,LastName55,Email@gmail.com55,State55,1001
+1202555013a,FirstName56,LastName56,Email@gmail.com56,State56,1001
+1202555013a,FirstName57,LastName57,Email@gmail.com57,State57,1001
+1202555013a,FirstName58,LastName58,Email@gmail.com58,State58,1001
+1202555013a,FirstName59,LastName59,Email@gmail.com59,State59,1001
+1202555013a,FirstName60,LastName60,Email@gmail.com60,State60,1001
+1202555013a,FirstName61,LastName61,Email@gmail.com61,State61,1001
+1202555013a,FirstName62,LastName62,Email@gmail.com62,State62,1001
+1202555013a,FirstName63,LastName63,Email@gmail.com63,State63,1001
+1202555013a,FirstName64,LastName64,Email@gmail.com64,State64,1001
+1202555013a,FirstName65,LastName65,Email@gmail.com65,State65,1001
+1202555013a,FirstName66,LastName66,Email@gmail.com66,State66,1001
+1202555013a,FirstName67,LastName67,Email@gmail.com67,State67,1001
+1202555013b,FirstName68,LastName68,Email@gmail.com68,State68,1001
+1202555013a,FirstName69,LastName69,Email@gmail.com69,State69,1001
+1202555013a,FirstName70,LastName70,Email@gmail.com70,State70,1001
+1202555013a,FirstName71,LastName71,Email@gmail.com71,State71,1001
1236985236,FirstName72,LastName72,Email@gmail.com72,State72,1001
1236985237,FirstName73,LastName73,Email@gmail.com73,State73,1001
1236985238,FirstName74,LastName74,Email@gmail.com74,State74,1001
1236985239,FirstName75,LastName75,Email@gmail.com75,State75,1001
1236985240,FirstName76,LastName76,Email@gmail.com76,State76,1001
1236985241,FirstName77,LastName77,Email@gmail.com77,State77,1001
1236985242,FirstName78,LastName78,Email@gmail.com78,State78,1001
1236985243,FirstName79,LastName79,Email@gmail.com79,State79,1001
1236985244,FirstName80,LastName80,Email@gmail.com80,State80,1001
1236985245,FirstName81,LastName81,Email@gmail.com81,State81,1001
1236985246,FirstName82,LastName82,Email@gmail.com82,State82,1001
1236985247,FirstName83,LastName83,Email@gmail.com83,State83,1001
1236985248,FirstName84,LastName84,Email@gmail.com84,State84,1001
1236985249,FirstName85,LastName85,Email@gmail.com85,State85,1001
1236985250,FirstName86,LastName86,Email@gmail.com86,State86,1001
1236985251,FirstName87,LastName87,Email@gmail.com87,State87,1001
1236985252,FirstName88,LastName88,Email@gmail.com88,State88,1001
1236985253,FirstName89,LastName89,Email@gmail.com89,State89,1001
1236985254,FirstName90,LastName90,Email@gmail.com90,State90,1001
1236985255,FirstName91,LastName91,Email@gmail.com91,State91,1001
1236985256,FirstName92,LastName92,Email@gmail.com92,State92,1001
1236985257,FirstName93,LastName93,Email@gmail.com93,State93,1001
1236985258,FirstName94,LastName94,Email@gmail.com94,State94,1001
1236985259,FirstName95,LastName95,Email@gmail.com95,State95,1001
1236985260,FirstName96,LastName96,Email@gmail.com96,State96,1001
1236985261,FirstName97,LastName97,Email@gmail.com97,State97,1001
1236985262,FirstName98,LastName98,Email@gmail.com98,State98,1001
1236985263,FirstName99,LastName99,Email@gmail.com99,State99,1001
1236985264,FirstName100,LastName100,Email@gmail.com100,State100,1001
1236985265,FirstName101,LastName101,Email@gmail.com101,State101,1001
1236985266,FirstName102,LastName102,Email@gmail.com102,State102,1001
1236985267,FirstName103,LastName103,Email@gmail.com103,State103,1001
1236985268,FirstName104,LastName104,Email@gmail.com104,State104,1001
1236985269,FirstName105,LastName105,Email@gmail.com105,State105,1001
1236985270,FirstName106,LastName106,Email@gmail.com106,State106,1001
1236985271,FirstName107,LastName107,Email@gmail.com107,State107,1001
1236985272,FirstName108,LastName108,Email@gmail.com108,State108,1001
1236985273,FirstName109,LastName109,Email@gmail.com109,State109,1001
1236985274,FirstName110,LastName110,Email@gmail.com110,State110,1001
1236985275,FirstName111,LastName111,Email@gmail.com111,State111,1001
1236985276,FirstName112,LastName112,Email@gmail.com112,State112,1001
1236985277,FirstName113,LastName113,Email@gmail.com113,State113,1001
1236985278,FirstName114,LastName114,Email@gmail.com114,State114,1001
1236985279,FirstName115,LastName115,Email@gmail.com115,State115,1001
1236985280,FirstName116,LastName116,Email@gmail.com116,State116,1001
1236985281,FirstName117,LastName117,Email@gmail.com117,State117,1001
1236985282,FirstName118,LastName118,Email@gmail.com118,State118,1001
1236985283,FirstName119,LastName119,Email@gmail.com119,State119,1001
1236985284,FirstName120,LastName120,Email@gmail.com120,State120,1001
1236985285,FirstName121,LastName121,Email@gmail.com121,State121,1001
1236985286,FirstName122,LastName122,Email@gmail.com122,State122,1001
1236985287,FirstName123,LastName123,Email@gmail.com123,State123,1001
1236985288,FirstName124,LastName124,Email@gmail.com124,State124,1001
1236985289,FirstName125,LastName125,Email@gmail.com125,State125,1001
1236985290,FirstName126,LastName126,Email@gmail.com126,State126,1001
1236985291,FirstName127,LastName127,Email@gmail.com127,State127,1001
1236985292,FirstName128,LastName128,Email@gmail.com128,State128,1001
1236985293,FirstName129,LastName129,Email@gmail.com129,State129,1001
1236985294,FirstName130,LastName130,Email@gmail.com130,State130,1001
1236985295,FirstName131,LastName131,Email@gmail.com131,State131,1001
1236985296,FirstName132,LastName132,Email@gmail.com132,State132,1001
1236985297,FirstName133,LastName133,Email@gmail.com133,State133,1001
1236985298,FirstName134,LastName134,Email@gmail.com134,State134,1001
1236985299,FirstName135,LastName135,Email@gmail.com135,State135,1001
1236985300,FirstName136,LastName136,Email@gmail.com136,State136,1001
1236985301,FirstName137,LastName137,Email@gmail.com137,State137,1001
1236985302,FirstName138,LastName138,Email@gmail.com138,State138,1001
1236985303,FirstName139,LastName139,Email@gmail.com139,State139,1001
1236985304,FirstName140,LastName140,Email@gmail.com140,State140,1001
1236985305,FirstName141,LastName141,Email@gmail.com141,State141,1001
1236985306,FirstName142,LastName142,Email@gmail.com142,State142,1001
1236985307,FirstName143,LastName143,Email@gmail.com143,State143,1001
1236985308,FirstName144,LastName144,Email@gmail.com144,State144,1001
1236985309,FirstName145,LastName145,Email@gmail.com145,State145,1001
1236985310,FirstName146,LastName146,Email@gmail.com146,State146,1001
1236985311,FirstName147,LastName147,Email@gmail.com147,State147,1001
1236985312,FirstName148,LastName148,Email@gmail.com148,State148,1001
1236985313,FirstName149,LastName149,Email@gmail.com149,State149,1001
1236985314,FirstName150,LastName150,Email@gmail.com150,State150,1001
1236985315,FirstName151,LastName151,Email@gmail.com151,State151,1001
1236985316,FirstName152,LastName152,Email@gmail.com152,State152,1001
1236985317,FirstName153,LastName153,Email@gmail.com153,State153,1001
1236985318,FirstName154,LastName154,Email@gmail.com154,State154,1001
1236985319,FirstName155,LastName155,Email@gmail.com155,State155,1001
1236985320,FirstName156,LastName156,Email@gmail.com156,State156,1001
1236985321,FirstName157,LastName157,Email@gmail.com157,State157,1001
1236985322,FirstName158,LastName158,Email@gmail.com158,State158,1001
1236985323,FirstName159,LastName159,Email@gmail.com159,State159,1001
1236985324,FirstName160,LastName160,Email@gmail.com160,State160,1001
1236985325,FirstName161,LastName161,Email@gmail.com161,State161,1001
1236985326,FirstName162,LastName162,Email@gmail.com162,State162,1001
1236985327,FirstName163,LastName163,Email@gmail.com163,State163,1001
1236985328,FirstName164,LastName164,Email@gmail.com164,State164,1001
1236985329,FirstName165,LastName165,Email@gmail.com165,State165,1001
1236985330,FirstName166,LastName166,Email@gmail.com166,State166,1001
1236985331,FirstName167,LastName167,Email@gmail.com167,State167,1001
1236985332,FirstName168,LastName168,Email@gmail.com168,State168,1001
1236985333,FirstName169,LastName169,Email@gmail.com169,State169,1001
1236985334,FirstName170,LastName170,Email@gmail.com170,State170,1001
1236985335,FirstName171,LastName171,Email@gmail.com171,State171,1001
1236985336,FirstName172,LastName172,Email@gmail.com172,State172,1001
1236985337,FirstName173,LastName173,Email@gmail.com173,State173,1001
1236985338,FirstName174,LastName174,Email@gmail.com174,State174,1001
1236985339,FirstName175,LastName175,Email@gmail.com175,State175,1001
1236985340,FirstName176,LastName176,Email@gmail.com176,State176,1001
1236985341,FirstName177,LastName177,Email@gmail.com177,State177,1001
1236985342,FirstName178,LastName178,Email@gmail.com178,State178,1001
1236985343,FirstName179,LastName179,Email@gmail.com179,State179,1001
1236985344,FirstName180,LastName180,Email@gmail.com180,State180,1001
1236985345,FirstName181,LastName181,Email@gmail.com181,State181,1001
1236985346,FirstName182,LastName182,Email@gmail.com182,State182,1001
1236985347,FirstName183,LastName183,Email@gmail.com183,State183,1001
1236985348,FirstName184,LastName184,Email@gmail.com184,State184,1001
1236985349,FirstName185,LastName185,Email@gmail.com185,State185,1001
1236985350,FirstName186,LastName186,Email@gmail.com186,State186,1001
1236985351,FirstName187,LastName187,Email@gmail.com187,State187,1001
1236985352,FirstName188,LastName188,Email@gmail.com188,State188,1001
1236985353,FirstName189,LastName189,Email@gmail.com189,State189,1001
1236985354,FirstName190,LastName190,Email@gmail.com190,State190,1001
1236985355,FirstName191,LastName191,Email@gmail.com191,State191,1001
1236985356,FirstName192,LastName192,Email@gmail.com192,State192,1001
1236985357,FirstName193,LastName193,Email@gmail.com193,State193,1001
1236985358,FirstName194,LastName194,Email@gmail.com194,State194,1001
1236985359,FirstName195,LastName195,Email@gmail.com195,State195,1001
1236985360,FirstName196,LastName196,Email@gmail.com196,State196,1001
1236985361,FirstName197,LastName197,Email@gmail.com197,State197,1001
1236985362,FirstName198,LastName198,Email@gmail.com198,State198,1001
1236985363,FirstName199,LastName199,Email@gmail.com199,State199,1001
1236985364,FirstName200,LastName200,Email@gmail.com200,State200,1001
1236985365,FirstName201,LastName201,Email@gmail.com201,State201,1001
1236985366,FirstName202,LastName202,Email@gmail.com202,State202,1001
1236985367,FirstName203,LastName203,Email@gmail.com203,State203,1001
1236985368,FirstName204,LastName204,Email@gmail.com204,State204,1001
1236985369,FirstName205,LastName205,Email@gmail.com205,State205,1001
1236985370,FirstName206,LastName206,Email@gmail.com206,State206,1001
1236985371,FirstName207,LastName207,Email@gmail.com207,State207,1001
1236985372,FirstName208,LastName208,Email@gmail.com208,State208,1001
1236985373,FirstName209,LastName209,Email@gmail.com209,State209,1001
1236985374,FirstName210,LastName210,Email@gmail.com210,State210,1001
1236985375,FirstName211,LastName211,Email@gmail.com211,State211,1001
1236985376,FirstName212,LastName212,Email@gmail.com212,State212,1001
1236985377,FirstName213,LastName213,Email@gmail.com213,State213,1001
1236985378,FirstName214,LastName214,Email@gmail.com214,State214,1001
1236985379,FirstName215,LastName215,Email@gmail.com215,State215,1001
1236985380,FirstName216,LastName216,Email@gmail.com216,State216,1001
1236985381,FirstName217,LastName217,Email@gmail.com217,State217,1001
1236985382,FirstName218,LastName218,Email@gmail.com218,State218,1001
1236985383,FirstName219,LastName219,Email@gmail.com219,State219,1001
1236985384,FirstName220,LastName220,Email@gmail.com220,State220,1001
1236985385,FirstName221,LastName221,Email@gmail.com221,State221,1001
1236985386,FirstName222,LastName222,Email@gmail.com222,State222,1001
1236985387,FirstName223,LastName223,Email@gmail.com223,State223,1001
1236985388,FirstName224,LastName224,Email@gmail.com224,State224,1001
1236985389,FirstName225,LastName225,Email@gmail.com225,State225,1001
1236985390,FirstName226,LastName226,Email@gmail.com226,State226,1001
1236985391,FirstName227,LastName227,Email@gmail.com227,State227,1001
1236985392,FirstName228,LastName228,Email@gmail.com228,State228,1001
1236985393,FirstName229,LastName229,Email@gmail.com229,State229,1001
1236985394,FirstName230,LastName230,Email@gmail.com230,State230,1001
1236985395,FirstName231,LastName231,Email@gmail.com231,State231,1001
1236985396,FirstName232,LastName232,Email@gmail.com232,State232,1001
1236985397,FirstName233,LastName233,Email@gmail.com233,State233,1001
1236985398,FirstName234,LastName234,Email@gmail.com234,State234,1001
1236985399,FirstName235,LastName235,Email@gmail.com235,State235,1001
1236985400,FirstName236,LastName236,Email@gmail.com236,State236,1001
1236985401,FirstName237,LastName237,Email@gmail.com237,State237,1001
1236985402,FirstName238,LastName238,Email@gmail.com238,State238,1001
1236985403,FirstName239,LastName239,Email@gmail.com239,State239,1001
1236985404,FirstName240,LastName240,Email@gmail.com240,State240,1001
1236985405,FirstName241,LastName241,Email@gmail.com241,State241,1001
1236985406,FirstName242,LastName242,Email@gmail.com242,State242,1001
1236985407,FirstName243,LastName243,Email@gmail.com243,State243,1001
1236985408,FirstName244,LastName244,Email@gmail.com244,State244,1001
1236985409,FirstName245,LastName245,Email@gmail.com245,State245,1001
1236985410,FirstName246,LastName246,Email@gmail.com246,State246,1001
1236985411,FirstName247,LastName247,Email@gmail.com247,State247,1001
1236985412,FirstName248,LastName248,Email@gmail.com248,State248,1001
1236985413,FirstName249,LastName249,Email@gmail.com249,State249,1001
1236985414,FirstName250,LastName250,Email@gmail.com250,State250,1001
1236985415,FirstName251,LastName251,Email@gmail.com251,State251,1001
1236985416,FirstName252,LastName252,Email@gmail.com252,State252,1001
1236985417,FirstName253,LastName253,Email@gmail.com253,State253,1001
1236985418,FirstName254,LastName254,Email@gmail.com254,State254,1001
1236985419,FirstName255,LastName255,Email@gmail.com255,State255,1001
1236985420,FirstName256,LastName256,Email@gmail.com256,State256,1001
1236985421,FirstName257,LastName257,Email@gmail.com257,State257,1001
1236985422,FirstName258,LastName258,Email@gmail.com258,State258,1001
1236985423,FirstName259,LastName259,Email@gmail.com259,State259,1001
1236985424,FirstName260,LastName260,Email@gmail.com260,State260,1001
1236985425,FirstName261,LastName261,Email@gmail.com261,State261,1001
1236985426,FirstName262,LastName262,Email@gmail.com262,State262,1001
1236985427,FirstName263,LastName263,Email@gmail.com263,State263,1001
1236985428,FirstName264,LastName264,Email@gmail.com264,State264,1001
1236985429,FirstName265,LastName265,Email@gmail.com265,State265,1001
1236985430,FirstName266,LastName266,Email@gmail.com266,State266,1001
1236985431,FirstName267,LastName267,Email@gmail.com267,State267,1001
1236985432,FirstName268,LastName268,Email@gmail.com268,State268,1001
1236985433,FirstName269,LastName269,Email@gmail.com269,State269,1001
1236985434,FirstName270,LastName270,Email@gmail.com270,State270,1001
1236985435,FirstName271,LastName271,Email@gmail.com271,State271,1001
1236985436,FirstName272,LastName272,Email@gmail.com272,State272,1001
1236985437,FirstName273,LastName273,Email@gmail.com273,State273,1001
1236985438,FirstName274,LastName274,Email@gmail.com274,State274,1001
1236985439,FirstName275,LastName275,Email@gmail.com275,State275,1001
1236985440,FirstName276,LastName276,Email@gmail.com276,State276,1001
1236985441,FirstName277,LastName277,Email@gmail.com277,State277,1001
1236985442,FirstName278,LastName278,Email@gmail.com278,State278,1001
1236985443,FirstName279,LastName279,Email@gmail.com279,State279,1001
1236985444,FirstName280,LastName280,Email@gmail.com280,State280,1001
1236985445,FirstName281,LastName281,Email@gmail.com281,State281,1001
1236985446,FirstName282,LastName282,Email@gmail.com282,State282,1001
1236985447,FirstName283,LastName283,Email@gmail.com283,State283,1001
1236985448,FirstName284,LastName284,Email@gmail.com284,State284,1001
1236985449,FirstName285,LastName285,Email@gmail.com285,State285,1001
1236985450,FirstName286,LastName286,Email@gmail.com286,State286,1001
1236985451,FirstName287,LastName287,Email@gmail.com287,State287,1001
1236985452,FirstName288,LastName288,Email@gmail.com288,State288,1001
1236985453,FirstName289,LastName289,Email@gmail.com289,State289,1001
1236985454,FirstName290,LastName290,Email@gmail.com290,State290,1001
1236985455,FirstName291,LastName291,Email@gmail.com291,State291,1001
1236985456,FirstName292,LastName292,Email@gmail.com292,State292,1001
1236985457,FirstName293,LastName293,Email@gmail.com293,State293,1001
1236985458,FirstName294,LastName294,Email@gmail.com294,State294,1001
1236985459,FirstName295,LastName295,Email@gmail.com295,State295,1001
1236985460,FirstName296,LastName296,Email@gmail.com296,State296,1001
1236985461,FirstName297,LastName297,Email@gmail.com297,State297,1001
1236985462,FirstName298,LastName298,Email@gmail.com298,State298,1001
1236985463,FirstName299,LastName299,Email@gmail.com299,State299,1001
1236985464,FirstName300,LastName300,Email@gmail.com300,State300,1001
1236985465,FirstName301,LastName301,Email@gmail.com301,State301,1001
1236985466,FirstName302,LastName302,Email@gmail.com302,State302,1001
1236985467,FirstName303,LastName303,Email@gmail.com303,State303,1001
1236985468,FirstName304,LastName304,Email@gmail.com304,State304,1001
1236985469,FirstName305,LastName305,Email@gmail.com305,State305,1001
1236985470,FirstName306,LastName306,Email@gmail.com306,State306,1001
1236985471,FirstName307,LastName307,Email@gmail.com307,State307,1001
1236985472,FirstName308,LastName308,Email@gmail.com308,State308,1001
1236985473,FirstName309,LastName309,Email@gmail.com309,State309,1001
1236985474,FirstName310,LastName310,Email@gmail.com310,State310,1001
1236985475,FirstName311,LastName311,Email@gmail.com311,State311,1001
1236985476,FirstName312,LastName312,Email@gmail.com312,State312,1001
1236985477,FirstName313,LastName313,Email@gmail.com313,State313,1001
1236985478,FirstName314,LastName314,Email@gmail.com314,State314,1001
1236985479,FirstName315,LastName315,Email@gmail.com315,State315,1001
1236985480,FirstName316,LastName316,Email@gmail.com316,State316,1001
1236985481,FirstName317,LastName317,Email@gmail.com317,State317,1001
1236985482,FirstName318,LastName318,Email@gmail.com318,State318,1001
1236985483,FirstName319,LastName319,Email@gmail.com319,State319,1001
1236985484,FirstName320,LastName320,Email@gmail.com320,State320,1001
1236985485,FirstName321,LastName321,Email@gmail.com321,State321,1001
1236985486,FirstName322,LastName322,Email@gmail.com322,State322,1001
1236985487,FirstName323,LastName323,Email@gmail.com323,State323,1001
1236985488,FirstName324,LastName324,Email@gmail.com324,State324,1001
1236985489,FirstName325,LastName325,Email@gmail.com325,State325,1001
1236985490,FirstName326,LastName326,Email@gmail.com326,State326,1001
1236985491,FirstName327,LastName327,Email@gmail.com327,State327,1001
1236985492,FirstName328,LastName328,Email@gmail.com328,State328,1001
1236985493,FirstName329,LastName329,Email@gmail.com329,State329,1001
1236985494,FirstName330,LastName330,Email@gmail.com330,State330,1001
1236985495,FirstName331,LastName331,Email@gmail.com331,State331,1001
1236985496,FirstName332,LastName332,Email@gmail.com332,State332,1001
1236985497,FirstName333,LastName333,Email@gmail.com333,State333,1001
1236985498,FirstName334,LastName334,Email@gmail.com334,State334,1001
1236985499,FirstName335,LastName335,Email@gmail.com335,State335,1001
1236985500,FirstName336,LastName336,Email@gmail.com336,State336,1001
1236985501,FirstName337,LastName337,Email@gmail.com337,State337,1001
1236985502,FirstName338,LastName338,Email@gmail.com338,State338,1001
1236985503,FirstName339,LastName339,Email@gmail.com339,State339,1001
1236985504,FirstName340,LastName340,Email@gmail.com340,State340,1001
1236985505,FirstName341,LastName341,Email@gmail.com341,State341,1001
1236985506,FirstName342,LastName342,Email@gmail.com342,State342,1001
1236985507,FirstName343,LastName343,Email@gmail.com343,State343,1001
1236985508,FirstName344,LastName344,Email@gmail.com344,State344,1001
1236985509,FirstName345,LastName345,Email@gmail.com345,State345,1001
1236985510,FirstName346,LastName346,Email@gmail.com346,State346,1001
1236985511,FirstName347,LastName347,Email@gmail.com347,State347,1001
1236985512,FirstName348,LastName348,Email@gmail.com348,State348,1001
1236985513,FirstName349,LastName349,Email@gmail.com349,State349,1001
1236985514,FirstName350,LastName350,Email@gmail.com350,State350,1001
1236985515,FirstName351,LastName351,Email@gmail.com351,State351,1001
1236985516,FirstName352,LastName352,Email@gmail.com352,State352,1001
1236985517,FirstName353,LastName353,Email@gmail.com353,State353,1001
1236985518,FirstName354,LastName354,Email@gmail.com354,State354,1001
1236985519,FirstName355,LastName355,Email@gmail.com355,State355,1001
1236985520,FirstName356,LastName356,Email@gmail.com356,State356,1001
1236985521,FirstName357,LastName357,Email@gmail.com357,State357,1001
1236985522,FirstName358,LastName358,Email@gmail.com358,State358,1001
1236985523,FirstName359,LastName359,Email@gmail.com359,State359,1001
1236985524,FirstName360,LastName360,Email@gmail.com360,State360,1001
1236985525,FirstName361,LastName361,Email@gmail.com361,State361,1001
1236985526,FirstName362,LastName362,Email@gmail.com362,State362,1001
1236985527,FirstName363,LastName363,Email@gmail.com363,State363,1001
1236985528,FirstName364,LastName364,Email@gmail.com364,State364,1001
1236985529,FirstName365,LastName365,Email@gmail.com365,State365,1001
1236985530,FirstName366,LastName366,Email@gmail.com366,State366,1001
1236985531,FirstName367,LastName367,Email@gmail.com367,State367,1001
1236985532,FirstName368,LastName368,Email@gmail.com368,State368,1001
1236985533,FirstName369,LastName369,Email@gmail.com369,State369,1001
1236985534,FirstName370,LastName370,Email@gmail.com370,State370,1001
1236985535,FirstName371,LastName371,Email@gmail.com371,State371,1001
1236985536,FirstName372,LastName372,Email@gmail.com372,State372,1001
1236985537,FirstName373,LastName373,Email@gmail.com373,State373,1001
1236985538,FirstName374,LastName374,Email@gmail.com374,State374,1001
1236985539,FirstName375,LastName375,Email@gmail.com375,State375,1001
1236985540,FirstName376,LastName376,Email@gmail.com376,State376,1001
1236985541,FirstName377,LastName377,Email@gmail.com377,State377,1001
1236985542,FirstName378,LastName378,Email@gmail.com378,State378,1001
1236985543,FirstName379,LastName379,Email@gmail.com379,State379,1001
1236985544,FirstName380,LastName380,Email@gmail.com380,State380,1001
1236985545,FirstName381,LastName381,Email@gmail.com381,State381,1001
1236985546,FirstName382,LastName382,Email@gmail.com382,State382,1001
1236985547,FirstName383,LastName383,Email@gmail.com383,State383,1001
1236985548,FirstName384,LastName384,Email@gmail.com384,State384,1001
1236985549,FirstName385,LastName385,Email@gmail.com385,State385,1001
1236985550,FirstName386,LastName386,Email@gmail.com386,State386,1001
1236985551,FirstName387,LastName387,Email@gmail.com387,State387,1001
1236985552,FirstName388,LastName388,Email@gmail.com388,State388,1001
1236985553,FirstName389,LastName389,Email@gmail.com389,State389,1001
1236985554,FirstName390,LastName390,Email@gmail.com390,State390,1001
1236985555,FirstName391,LastName391,Email@gmail.com391,State391,1001
1236985556,FirstName392,LastName392,Email@gmail.com392,State392,1001
1236985557,FirstName393,LastName393,Email@gmail.com393,State393,1001
1236985558,FirstName394,LastName394,Email@gmail.com394,State394,1001
1236985559,FirstName395,LastName395,Email@gmail.com395,State395,1001
1236985560,FirstName396,LastName396,Email@gmail.com396,State396,1001
1236985561,FirstName397,LastName397,Email@gmail.com397,State397,1001
1236985562,FirstName398,LastName398,Email@gmail.com398,State398,1001
1236985563,FirstName399,LastName399,Email@gmail.com399,State399,1001
1236985564,FirstName400,LastName400,Email@gmail.com400,State400,1001
1236985565,FirstName401,LastName401,Email@gmail.com401,State401,1001
1236985566,FirstName402,LastName402,Email@gmail.com402,State402,1001
1236985567,FirstName403,LastName403,Email@gmail.com403,State403,1001
1236985568,FirstName404,LastName404,Email@gmail.com404,State404,1001
1236985569,FirstName405,LastName405,Email@gmail.com405,State405,1001
1236985570,FirstName406,LastName406,Email@gmail.com406,State406,1001
1236985571,FirstName407,LastName407,Email@gmail.com407,State407,1001
1236985572,FirstName408,LastName408,Email@gmail.com408,State408,1001
1236985573,FirstName409,LastName409,Email@gmail.com409,State409,1001
1236985574,FirstName410,LastName410,Email@gmail.com410,State410,1001
1236985575,FirstName411,LastName411,Email@gmail.com411,State411,1001
1236985576,FirstName412,LastName412,Email@gmail.com412,State412,1001
1236985577,FirstName413,LastName413,Email@gmail.com413,State413,1001
1236985578,FirstName414,LastName414,Email@gmail.com414,State414,1001
1236985579,FirstName415,LastName415,Email@gmail.com415,State415,1001
1236985580,FirstName416,LastName416,Email@gmail.com416,State416,1001
1236985581,FirstName417,LastName417,Email@gmail.com417,State417,1001
1236985582,FirstName418,LastName418,Email@gmail.com418,State418,1001
1236985583,FirstName419,LastName419,Email@gmail.com419,State419,1001
1236985584,FirstName420,LastName420,Email@gmail.com420,State420,1001
1236985585,FirstName421,LastName421,Email@gmail.com421,State421,1001
1236985586,FirstName422,LastName422,Email@gmail.com422,State422,1001
1236985587,FirstName423,LastName423,Email@gmail.com423,State423,1001
1236985588,FirstName424,LastName424,Email@gmail.com424,State424,1001
1236985589,FirstName425,LastName425,Email@gmail.com425,State425,1001
1236985590,FirstName426,LastName426,Email@gmail.com426,State426,1001
1236985591,FirstName427,LastName427,Email@gmail.com427,State427,1001
1236985592,FirstName428,LastName428,Email@gmail.com428,State428,1001
1236985593,FirstName429,LastName429,Email@gmail.com429,State429,1001
1236985594,FirstName430,LastName430,Email@gmail.com430,State430,1001
1236985595,FirstName431,LastName431,Email@gmail.com431,State431,1001
1236985596,FirstName432,LastName432,Email@gmail.com432,State432,1001
1236985597,FirstName433,LastName433,Email@gmail.com433,State433,1001
1236985598,FirstName434,LastName434,Email@gmail.com434,State434,1001
1236985599,FirstName435,LastName435,Email@gmail.com435,State435,1001
1236985600,FirstName436,LastName436,Email@gmail.com436,State436,1001
1236985601,FirstName437,LastName437,Email@gmail.com437,State437,1001
1236985602,FirstName438,LastName438,Email@gmail.com438,State438,1001
1236985603,FirstName439,LastName439,Email@gmail.com439,State439,1001
1236985604,FirstName440,LastName440,Email@gmail.com440,State440,1001
1236985605,FirstName441,LastName441,Email@gmail.com441,State441,1001
1236985606,FirstName442,LastName442,Email@gmail.com442,State442,1001
1236985607,FirstName443,LastName443,Email@gmail.com443,State443,1001
1236985608,FirstName444,LastName444,Email@gmail.com444,State444,1001
1236985609,FirstName445,LastName445,Email@gmail.com445,State445,1001
1236985610,FirstName446,LastName446,Email@gmail.com446,State446,1001
1236985611,FirstName447,LastName447,Email@gmail.com447,State447,1001
1236985612,FirstName448,LastName448,Email@gmail.com448,State448,1001
1236985613,FirstName449,LastName449,Email@gmail.com449,State449,1001
1236985614,FirstName450,LastName450,Email@gmail.com450,State450,1001
1236985615,FirstName451,LastName451,Email@gmail.com451,State451,1001
1236985616,FirstName452,LastName452,Email@gmail.com452,State452,1001
1236985617,FirstName453,LastName453,Email@gmail.com453,State453,1001
1236985618,FirstName454,LastName454,Email@gmail.com454,State454,1001
1236985619,FirstName455,LastName455,Email@gmail.com455,State455,1001
1236985620,FirstName456,LastName456,Email@gmail.com456,State456,1001
1236985621,FirstName457,LastName457,Email@gmail.com457,State457,1001
1236985622,FirstName458,LastName458,Email@gmail.com458,State458,1001
1236985623,FirstName459,LastName459,Email@gmail.com459,State459,1001
1236985624,FirstName460,LastName460,Email@gmail.com460,State460,1001
1236985625,FirstName461,LastName461,Email@gmail.com461,State461,1001
1236985626,FirstName462,LastName462,Email@gmail.com462,State462,1001
1236985627,FirstName463,LastName463,Email@gmail.com463,State463,1001
1236985628,FirstName464,LastName464,Email@gmail.com464,State464,1001
1236985629,FirstName465,LastName465,Email@gmail.com465,State465,1001
1236985630,FirstName466,LastName466,Email@gmail.com466,State466,1001
1236985631,FirstName467,LastName467,Email@gmail.com467,State467,1001
1236985632,FirstName468,LastName468,Email@gmail.com468,State468,1001
1236985633,FirstName469,LastName469,Email@gmail.com469,State469,1001
1236985634,FirstName470,LastName470,Email@gmail.com470,State470,1001
1236985635,FirstName471,LastName471,Email@gmail.com471,State471,1001
1236985636,FirstName472,LastName472,Email@gmail.com472,State472,1001
1236985637,FirstName473,LastName473,Email@gmail.com473,State473,1001
1236985638,FirstName474,LastName474,Email@gmail.com474,State474,1001
1236985639,FirstName475,LastName475,Email@gmail.com475,State475,1001
1236985640,FirstName476,LastName476,Email@gmail.com476,State476,1001
1236985641,FirstName477,LastName477,Email@gmail.com477,State477,1001
1236985642,FirstName478,LastName478,Email@gmail.com478,State478,1001
1236985643,FirstName479,LastName479,Email@gmail.com479,State479,1001
1236985644,FirstName480,LastName480,Email@gmail.com480,State480,1001
1236985645,FirstName481,LastName481,Email@gmail.com481,State481,1001
1236985646,FirstName482,LastName482,Email@gmail.com482,State482,1001
1236985647,FirstName483,LastName483,Email@gmail.com483,State483,1001
1236985648,FirstName484,LastName484,Email@gmail.com484,State484,1001
1236985649,FirstName485,LastName485,Email@gmail.com485,State485,1001
1236985650,FirstName486,LastName486,Email@gmail.com486,State486,1001
1236985651,FirstName487,LastName487,Email@gmail.com487,State487,1001
1236985652,FirstName488,LastName488,Email@gmail.com488,State488,1001
1236985653,FirstName489,LastName489,Email@gmail.com489,State489,1001
1236985654,FirstName490,LastName490,Email@gmail.com490,State490,1001
1236985655,FirstName491,LastName491,Email@gmail.com491,State491,1001
1236985656,FirstName492,LastName492,Email@gmail.com492,State492,1001
1236985657,FirstName493,LastName493,Email@gmail.com493,State493,1001
1236985658,FirstName494,LastName494,Email@gmail.com494,State494,1001
1236985659,FirstName495,LastName495,Email@gmail.com495,State495,1001
1236985660,FirstName496,LastName496,Email@gmail.com496,State496,1001
1236985661,FirstName497,LastName497,Email@gmail.com497,State497,1001
1236985662,FirstName498,LastName498,Email@gmail.com498,State498,1001
1236985663,FirstName499,LastName499,Email@gmail.com499,State499,1001
1236985664,FirstName500,LastName500,Email@gmail.com500,State500,1001
1236985665,FirstName501,LastName501,Email@gmail.com501,State501,1001
1236985666,FirstName502,LastName502,Email@gmail.com502,State502,1001
1236985667,FirstName503,LastName503,Email@gmail.com503,State503,1001
1236985668,FirstName504,LastName504,Email@gmail.com504,State504,1001
1236985669,FirstName505,LastName505,Email@gmail.com505,State505,1001
1236985670,FirstName506,LastName506,Email@gmail.com506,State506,1001
1236985671,FirstName507,LastName507,Email@gmail.com507,State507,1001
1236985672,FirstName508,LastName508,Email@gmail.com508,State508,1001
1236985673,FirstName509,LastName509,Email@gmail.com509,State509,1001
1236985674,FirstName510,LastName510,Email@gmail.com510,State510,1001
1236985675,FirstName511,LastName511,Email@gmail.com511,State511,1001
1236985676,FirstName512,LastName512,Email@gmail.com512,State512,1001
1236985677,FirstName513,LastName513,Email@gmail.com513,State513,1001
1236985678,FirstName514,LastName514,Email@gmail.com514,State514,1001
1236985679,FirstName515,LastName515,Email@gmail.com515,State515,1001
1236985680,FirstName516,LastName516,Email@gmail.com516,State516,1001
1236985681,FirstName517,LastName517,Email@gmail.com517,State517,1001
1236985682,FirstName518,LastName518,Email@gmail.com518,State518,1001
1236985683,FirstName519,LastName519,Email@gmail.com519,State519,1001
1236985684,FirstName520,LastName520,Email@gmail.com520,State520,1001
1236985685,FirstName521,LastName521,Email@gmail.com521,State521,1001
1236985686,FirstName522,LastName522,Email@gmail.com522,State522,1001
1236985687,FirstName523,LastName523,Email@gmail.com523,State523,1001
1236985688,FirstName524,LastName524,Email@gmail.com524,State524,1001
1236985689,FirstName525,LastName525,Email@gmail.com525,State525,1001
1236985690,FirstName526,LastName526,Email@gmail.com526,State526,1001
1236985691,FirstName527,LastName527,Email@gmail.com527,State527,1001
1236985692,FirstName528,LastName528,Email@gmail.com528,State528,1001
1236985693,FirstName529,LastName529,Email@gmail.com529,State529,1001
1236985694,FirstName530,LastName530,Email@gmail.com530,State530,1001
1236985695,FirstName531,LastName531,Email@gmail.com531,State531,1001
1236985696,FirstName532,LastName532,Email@gmail.com532,State532,1001
1236985697,FirstName533,LastName533,Email@gmail.com533,State533,1001
1236985698,FirstName534,LastName534,Email@gmail.com534,State534,1001
1236985699,FirstName535,LastName535,Email@gmail.com535,State535,1001
1236985700,FirstName536,LastName536,Email@gmail.com536,State536,1001
1236985701,FirstName537,LastName537,Email@gmail.com537,State537,1001
1236985702,FirstName538,LastName538,Email@gmail.com538,State538,1001
1236985703,FirstName539,LastName539,Email@gmail.com539,State539,1001
1236985704,FirstName540,LastName540,Email@gmail.com540,State540,1001
1236985705,FirstName541,LastName541,Email@gmail.com541,State541,1001
1236985706,FirstName542,LastName542,Email@gmail.com542,State542,1001
1236985707,FirstName543,LastName543,Email@gmail.com543,State543,1001
1236985708,FirstName544,LastName544,Email@gmail.com544,State544,1001
1236985709,FirstName545,LastName545,Email@gmail.com545,State545,1001
1236985710,FirstName546,LastName546,Email@gmail.com546,State546,1001
1236985711,FirstName547,LastName547,Email@gmail.com547,State547,1001
1236985712,FirstName548,LastName548,Email@gmail.com548,State548,1001
1236985713,FirstName549,LastName549,Email@gmail.com549,State549,1001
1236985714,FirstName550,LastName550,Email@gmail.com550,State550,1001
1236985715,FirstName551,LastName551,Email@gmail.com551,State551,1001
1236985716,FirstName552,LastName552,Email@gmail.com552,State552,1001
1236985717,FirstName553,LastName553,Email@gmail.com553,State553,1001
1236985718,FirstName554,LastName554,Email@gmail.com554,State554,1001
1236985719,FirstName555,LastName555,Email@gmail.com555,State555,1001
1236985720,FirstName556,LastName556,Email@gmail.com556,State556,1001
1236985721,FirstName557,LastName557,Email@gmail.com557,State557,1001
1236985722,FirstName558,LastName558,Email@gmail.com558,State558,1001
1236985723,FirstName559,LastName559,Email@gmail.com559,State559,1001
1236985724,FirstName560,LastName560,Email@gmail.com560,State560,1001
1236985725,FirstName561,LastName561,Email@gmail.com561,State561,1001
1236985726,FirstName562,LastName562,Email@gmail.com562,State562,1001
1236985727,FirstName563,LastName563,Email@gmail.com563,State563,1001
1236985728,FirstName564,LastName564,Email@gmail.com564,State564,1001
1236985729,FirstName565,LastName565,Email@gmail.com565,State565,1001
1236985730,FirstName566,LastName566,Email@gmail.com566,State566,1001
1236985731,FirstName567,LastName567,Email@gmail.com567,State567,1001
1236985732,FirstName568,LastName568,Email@gmail.com568,State568,1001
1236985733,FirstName569,LastName569,Email@gmail.com569,State569,1001
1236985734,FirstName570,LastName570,Email@gmail.com570,State570,1001
1236985735,FirstName571,LastName571,Email@gmail.com571,State571,1001
1236985736,FirstName572,LastName572,Email@gmail.com572,State572,1001
1236985737,FirstName573,LastName573,Email@gmail.com573,State573,1001
1236985738,FirstName574,LastName574,Email@gmail.com574,State574,1001
1236985739,FirstName575,LastName575,Email@gmail.com575,State575,1001
1236985740,FirstName576,LastName576,Email@gmail.com576,State576,1001
1236985741,FirstName577,LastName577,Email@gmail.com577,State577,1001
1236985742,FirstName578,LastName578,Email@gmail.com578,State578,1001
1236985743,FirstName579,LastName579,Email@gmail.com579,State579,1001
1236985744,FirstName580,LastName580,Email@gmail.com580,State580,1001
1236985745,FirstName581,LastName581,Email@gmail.com581,State581,1001
1236985746,FirstName582,LastName582,Email@gmail.com582,State582,1001
1236985747,FirstName583,LastName583,Email@gmail.com583,State583,1001
1236985748,FirstName584,LastName584,Email@gmail.com584,State584,1001
1236985749,FirstName585,LastName585,Email@gmail.com585,State585,1001
1236985750,FirstName586,LastName586,Email@gmail.com586,State586,1001
1236985751,FirstName587,LastName587,Email@gmail.com587,State587,1001
1236985752,FirstName588,LastName588,Email@gmail.com588,State588,1001
1236985753,FirstName589,LastName589,Email@gmail.com589,State589,1001
1236985754,FirstName590,LastName590,Email@gmail.com590,State590,1001
1236985755,FirstName591,LastName591,Email@gmail.com591,State591,1001
1236985756,FirstName592,LastName592,Email@gmail.com592,State592,1001
1236985757,FirstName593,LastName593,Email@gmail.com593,State593,1001
1236985758,FirstName594,LastName594,Email@gmail.com594,State594,1001
1236985759,FirstName595,LastName595,Email@gmail.com595,State595,1001
1236985760,FirstName596,LastName596,Email@gmail.com596,State596,1001
1236985761,FirstName597,LastName597,Email@gmail.com597,State597,1001
1236985762,FirstName598,LastName598,Email@gmail.com598,State598,1001
1236985763,FirstName599,LastName599,Email@gmail.com599,State599,1001
1236985764,FirstName600,LastName600,Email@gmail.com600,State600,1001
1236985765,FirstName601,LastName601,Email@gmail.com601,State601,1001
1236985766,FirstName602,LastName602,Email@gmail.com602,State602,1001
1236985767,FirstName603,LastName603,Email@gmail.com603,State603,1001
1236985768,FirstName604,LastName604,Email@gmail.com604,State604,1001
1236985769,FirstName605,LastName605,Email@gmail.com605,State605,1001
1236985770,FirstName606,LastName606,Email@gmail.com606,State606,1001
1236985771,FirstName607,LastName607,Email@gmail.com607,State607,1001
1236985772,FirstName608,LastName608,Email@gmail.com608,State608,1001
1236985773,FirstName609,LastName609,Email@gmail.com609,State609,1001
1236985774,FirstName610,LastName610,Email@gmail.com610,State610,1001
1236985775,FirstName611,LastName611,Email@gmail.com611,State611,1001
1236985776,FirstName612,LastName612,Email@gmail.com612,State612,1001
1236985777,FirstName613,LastName613,Email@gmail.com613,State613,1001
1236985778,FirstName614,LastName614,Email@gmail.com614,State614,1001
1236985779,FirstName615,LastName615,Email@gmail.com615,State615,1001
1236985780,FirstName616,LastName616,Email@gmail.com616,State616,1001
1236985781,FirstName617,LastName617,Email@gmail.com617,State617,1001
1236985782,FirstName618,LastName618,Email@gmail.com618,State618,1001
1236985783,FirstName619,LastName619,Email@gmail.com619,State619,1001
1236985784,FirstName620,LastName620,Email@gmail.com620,State620,1001
1236985785,FirstName621,LastName621,Email@gmail.com621,State621,1001
1236985786,FirstName622,LastName622,Email@gmail.com622,State622,1001
1236985787,FirstName623,LastName623,Email@gmail.com623,State623,1001
1236985788,FirstName624,LastName624,Email@gmail.com624,State624,1001
1236985789,FirstName625,LastName625,Email@gmail.com625,State625,1001
1236985790,FirstName626,LastName626,Email@gmail.com626,State626,1001
1236985791,FirstName627,LastName627,Email@gmail.com627,State627,1001
1236985792,FirstName628,LastName628,Email@gmail.com628,State628,1001
1236985793,FirstName629,LastName629,Email@gmail.com629,State629,1001
1236985794,FirstName630,LastName630,Email@gmail.com630,State630,1001
1236985795,FirstName631,LastName631,Email@gmail.com631,State631,1001
1236985796,FirstName632,LastName632,Email@gmail.com632,State632,1001
1236985797,FirstName633,LastName633,Email@gmail.com633,State633,1001
1236985798,FirstName634,LastName634,Email@gmail.com634,State634,1001
1236985799,FirstName635,LastName635,Email@gmail.com635,State635,1001
1236985800,FirstName636,LastName636,Email@gmail.com636,State636,1001
1236985801,FirstName637,LastName637,Email@gmail.com637,State637,1001
1236985802,FirstName638,LastName638,Email@gmail.com638,State638,1001
1236985803,FirstName639,LastName639,Email@gmail.com639,State639,1001
1236985804,FirstName640,LastName640,Email@gmail.com640,State640,1001
1236985805,FirstName641,LastName641,Email@gmail.com641,State641,1001
1236985806,FirstName642,LastName642,Email@gmail.com642,State642,1001
1236985807,FirstName643,LastName643,Email@gmail.com643,State643,1001
1236985808,FirstName644,LastName644,Email@gmail.com644,State644,1001
1236985809,FirstName645,LastName645,Email@gmail.com645,State645,1001
1236985810,FirstName646,LastName646,Email@gmail.com646,State646,1001
1236985811,FirstName647,LastName647,Email@gmail.com647,State647,1001
1236985812,FirstName648,LastName648,Email@gmail.com648,State648,1001
1236985813,FirstName649,LastName649,Email@gmail.com649,State649,1001
1236985814,FirstName650,LastName650,Email@gmail.com650,State650,1001
1236985815,FirstName651,LastName651,Email@gmail.com651,State651,1001
1236985816,FirstName652,LastName652,Email@gmail.com652,State652,1001
1236985817,FirstName653,LastName653,Email@gmail.com653,State653,1001
1236985818,FirstName654,LastName654,Email@gmail.com654,State654,1001
1236985819,FirstName655,LastName655,Email@gmail.com655,State655,1001
1236985820,FirstName656,LastName656,Email@gmail.com656,State656,1001
1236985821,FirstName657,LastName657,Email@gmail.com657,State657,1001
1236985822,FirstName658,LastName658,Email@gmail.com658,State658,1001
1236985823,FirstName659,LastName659,Email@gmail.com659,State659,1001
1236985824,FirstName660,LastName660,Email@gmail.com660,State660,1001
1236985825,FirstName661,LastName661,Email@gmail.com661,State661,1001
1236985826,FirstName662,LastName662,Email@gmail.com662,State662,1001
1236985827,FirstName663,LastName663,Email@gmail.com663,State663,1001
1236985828,FirstName664,LastName664,Email@gmail.com664,State664,1001
1236985829,FirstName665,LastName665,Email@gmail.com665,State665,1001
1236985830,FirstName666,LastName666,Email@gmail.com666,State666,1001
1236985831,FirstName667,LastName667,Email@gmail.com667,State667,1001
1236985832,FirstName668,LastName668,Email@gmail.com668,State668,1001
1236985833,FirstName669,LastName669,Email@gmail.com669,State669,1001
1236985834,FirstName670,LastName670,Email@gmail.com670,State670,1001
1236985835,FirstName671,LastName671,Email@gmail.com671,State671,1001
1236985836,FirstName672,LastName672,Email@gmail.com672,State672,1001
1236985837,FirstName673,LastName673,Email@gmail.com673,State673,1001
1236985838,FirstName674,LastName674,Email@gmail.com674,State674,1001
1236985839,FirstName675,LastName675,Email@gmail.com675,State675,1001
1236985840,FirstName676,LastName676,Email@gmail.com676,State676,1001
1236985841,FirstName677,LastName677,Email@gmail.com677,State677,1001
1236985842,FirstName678,LastName678,Email@gmail.com678,State678,1001
1236985843,FirstName679,LastName679,Email@gmail.com679,State679,1001
1236985844,FirstName680,LastName680,Email@gmail.com680,State680,1001
1236985845,FirstName681,LastName681,Email@gmail.com681,State681,1001
1236985846,FirstName682,LastName682,Email@gmail.com682,State682,1001
1236985847,FirstName683,LastName683,Email@gmail.com683,State683,1001
1236985848,FirstName684,LastName684,Email@gmail.com684,State684,1001
1236985849,FirstName685,LastName685,Email@gmail.com685,State685,1001
1236985850,FirstName686,LastName686,Email@gmail.com686,State686,1001
1236985851,FirstName687,LastName687,Email@gmail.com687,State687,1001
1236985852,FirstName688,LastName688,Email@gmail.com688,State688,1001
1236985853,FirstName689,LastName689,Email@gmail.com689,State689,1001
1236985854,FirstName690,LastName690,Email@gmail.com690,State690,1001
1236985855,FirstName691,LastName691,Email@gmail.com691,State691,1001
1236985856,FirstName692,LastName692,Email@gmail.com692,State692,1001
1236985857,FirstName693,LastName693,Email@gmail.com693,State693,1001
1236985858,FirstName694,LastName694,Email@gmail.com694,State694,1001
1236985859,FirstName695,LastName695,Email@gmail.com695,State695,1001
1236985860,FirstName696,LastName696,Email@gmail.com696,State696,1001
1236985861,FirstName697,LastName697,Email@gmail.com697,State697,1001
1236985862,FirstName698,LastName698,Email@gmail.com698,State698,1001
1236985863,FirstName699,LastName699,Email@gmail.com699,State699,1001
1236985864,FirstName700,LastName700,Email@gmail.com700,State700,1001
1236985865,FirstName701,LastName701,Email@gmail.com701,State701,1001
1236985866,FirstName702,LastName702,Email@gmail.com702,State702,1001
1236985867,FirstName703,LastName703,Email@gmail.com703,State703,1001
1236985868,FirstName704,LastName704,Email@gmail.com704,State704,1001
1236985869,FirstName705,LastName705,Email@gmail.com705,State705,1001
1236985870,FirstName706,LastName706,Email@gmail.com706,State706,1001
1236985871,FirstName707,LastName707,Email@gmail.com707,State707,1001
1236985872,FirstName708,LastName708,Email@gmail.com708,State708,1001
1236985873,FirstName709,LastName709,Email@gmail.com709,State709,1001
1236985874,FirstName710,LastName710,Email@gmail.com710,State710,1001
1236985875,FirstName711,LastName711,Email@gmail.com711,State711,1001
1236985876,FirstName712,LastName712,Email@gmail.com712,State712,1001
1236985877,FirstName713,LastName713,Email@gmail.com713,State713,1001
1236985878,FirstName714,LastName714,Email@gmail.com714,State714,1001
1236985879,FirstName715,LastName715,Email@gmail.com715,State715,1001
1236985880,FirstName716,LastName716,Email@gmail.com716,State716,1001
1236985881,FirstName717,LastName717,Email@gmail.com717,State717,1001
1236985882,FirstName718,LastName718,Email@gmail.com718,State718,1001
1236985883,FirstName719,LastName719,Email@gmail.com719,State719,1001
1236985884,FirstName720,LastName720,Email@gmail.com720,State720,1001
1236985885,FirstName721,LastName721,Email@gmail.com721,State721,1001
1236985886,FirstName722,LastName722,Email@gmail.com722,State722,1001
1236985887,FirstName723,LastName723,Email@gmail.com723,State723,1001
1236985888,FirstName724,LastName724,Email@gmail.com724,State724,1001
1236985889,FirstName725,LastName725,Email@gmail.com725,State725,1001
1236985890,FirstName726,LastName726,Email@gmail.com726,State726,1001
1236985891,FirstName727,LastName727,Email@gmail.com727,State727,1001
1236985892,FirstName728,LastName728,Email@gmail.com728,State728,1001
1236985893,FirstName729,LastName729,Email@gmail.com729,State729,1001
1236985894,FirstName730,LastName730,Email@gmail.com730,State730,1001
1236985895,FirstName731,LastName731,Email@gmail.com731,State731,1001
1236985896,FirstName732,LastName732,Email@gmail.com732,State732,1001
1236985897,FirstName733,LastName733,Email@gmail.com733,State733,1001
1236985898,FirstName734,LastName734,Email@gmail.com734,State734,1001
1236985899,FirstName735,LastName735,Email@gmail.com735,State735,1001
1236985900,FirstName736,LastName736,Email@gmail.com736,State736,1001
1236985901,FirstName737,LastName737,Email@gmail.com737,State737,1001
1236985902,FirstName738,LastName738,Email@gmail.com738,State738,1001
1236985903,FirstName739,LastName739,Email@gmail.com739,State739,1001
1236985904,FirstName740,LastName740,Email@gmail.com740,State740,1001
1236985905,FirstName741,LastName741,Email@gmail.com741,State741,1001
1236985906,FirstName742,LastName742,Email@gmail.com742,State742,1001
1236985907,FirstName743,LastName743,Email@gmail.com743,State743,1001
1236985908,FirstName744,LastName744,Email@gmail.com744,State744,1001
1236985909,FirstName745,LastName745,Email@gmail.com745,State745,1001
1236985910,FirstName746,LastName746,Email@gmail.com746,State746,1001
1236985911,FirstName747,LastName747,Email@gmail.com747,State747,1001
1236985912,FirstName748,LastName748,Email@gmail.com748,State748,1001
1236985913,FirstName749,LastName749,Email@gmail.com749,State749,1001
1236985914,FirstName750,LastName750,Email@gmail.com750,State750,1001
1236985915,FirstName751,LastName751,Email@gmail.com751,State751,1001
1236985916,FirstName752,LastName752,Email@gmail.com752,State752,1001
1236985917,FirstName753,LastName753,Email@gmail.com753,State753,1001
1236985918,FirstName754,LastName754,Email@gmail.com754,State754,1001
1236985919,FirstName755,LastName755,Email@gmail.com755,State755,1001
1236985920,FirstName756,LastName756,Email@gmail.com756,State756,1001
1236985921,FirstName757,LastName757,Email@gmail.com757,State757,1001
1236985922,FirstName758,LastName758,Email@gmail.com758,State758,1001
1236985923,FirstName759,LastName759,Email@gmail.com759,State759,1001
1236985924,FirstName760,LastName760,Email@gmail.com760,State760,1001
1236985925,FirstName761,LastName761,Email@gmail.com761,State761,1001
1236985926,FirstName762,LastName762,Email@gmail.com762,State762,1001
1236985927,FirstName763,LastName763,Email@gmail.com763,State763,1001
1236985928,FirstName764,LastName764,Email@gmail.com764,State764,1001
1236985929,FirstName765,LastName765,Email@gmail.com765,State765,1001
1236985930,FirstName766,LastName766,Email@gmail.com766,State766,1001
1236985931,FirstName767,LastName767,Email@gmail.com767,State767,1001
1236985932,FirstName768,LastName768,Email@gmail.com768,State768,1001
1236985933,FirstName769,LastName769,Email@gmail.com769,State769,1001
1236985934,FirstName770,LastName770,Email@gmail.com770,State770,1001
1236985935,FirstName771,LastName771,Email@gmail.com771,State771,1001
1236985936,FirstName772,LastName772,Email@gmail.com772,State772,1001
1236985937,FirstName773,LastName773,Email@gmail.com773,State773,1001
1236985938,FirstName774,LastName774,Email@gmail.com774,State774,1001
1236985939,FirstName775,LastName775,Email@gmail.com775,State775,1001
1236985940,FirstName776,LastName776,Email@gmail.com776,State776,1001
1236985941,FirstName777,LastName777,Email@gmail.com777,State777,1001
1236985942,FirstName778,LastName778,Email@gmail.com778,State778,1001
1236985943,FirstName779,LastName779,Email@gmail.com779,State779,1001
1236985944,FirstName780,LastName780,Email@gmail.com780,State780,1001
1236985945,FirstName781,LastName781,Email@gmail.com781,State781,1001
1236985946,FirstName782,LastName782,Email@gmail.com782,State782,1001
1236985947,FirstName783,LastName783,Email@gmail.com783,State783,1001
1236985948,FirstName784,LastName784,Email@gmail.com784,State784,1001
1236985949,FirstName785,LastName785,Email@gmail.com785,State785,1001
1236985950,FirstName786,LastName786,Email@gmail.com786,State786,1001
1236985951,FirstName787,LastName787,Email@gmail.com787,State787,1001
1236985952,FirstName788,LastName788,Email@gmail.com788,State788,1001
1236985953,FirstName789,LastName789,Email@gmail.com789,State789,1001
1236985954,FirstName790,LastName790,Email@gmail.com790,State790,1001
1236985955,FirstName791,LastName791,Email@gmail.com791,State791,1001
1236985956,FirstName792,LastName792,Email@gmail.com792,State792,1001
1236985957,FirstName793,LastName793,Email@gmail.com793,State793,1001
1236985958,FirstName794,LastName794,Email@gmail.com794,State794,1001
1236985959,FirstName795,LastName795,Email@gmail.com795,State795,1001
1236985960,FirstName796,LastName796,Email@gmail.com796,State796,1001
1236985961,FirstName797,LastName797,Email@gmail.com797,State797,1001
1236985962,FirstName798,LastName798,Email@gmail.com798,State798,1001
1236985963,FirstName799,LastName799,Email@gmail.com799,State799,1001
1236985964,FirstName800,LastName800,Email@gmail.com800,State800,1001
1236985965,FirstName801,LastName801,Email@gmail.com801,State801,1001
1236985966,FirstName802,LastName802,Email@gmail.com802,State802,1001
1236985967,FirstName803,LastName803,Email@gmail.com803,State803,1001
1236985968,FirstName804,LastName804,Email@gmail.com804,State804,1001
1236985969,FirstName805,LastName805,Email@gmail.com805,State805,1001
1236985970,FirstName806,LastName806,Email@gmail.com806,State806,1001
1236985971,FirstName807,LastName807,Email@gmail.com807,State807,1001
1236985972,FirstName808,LastName808,Email@gmail.com808,State808,1001
1236985973,FirstName809,LastName809,Email@gmail.com809,State809,1001
1236985974,FirstName810,LastName810,Email@gmail.com810,State810,1001
1236985975,FirstName811,LastName811,Email@gmail.com811,State811,1001
1236985976,FirstName812,LastName812,Email@gmail.com812,State812,1001
1236985977,FirstName813,LastName813,Email@gmail.com813,State813,1001
1236985978,FirstName814,LastName814,Email@gmail.com814,State814,1001
1236985979,FirstName815,LastName815,Email@gmail.com815,State815,1001
1236985980,FirstName816,LastName816,Email@gmail.com816,State816,1001
1236985981,FirstName817,LastName817,Email@gmail.com817,State817,1001
1236985982,FirstName818,LastName818,Email@gmail.com818,State818,1001
1236985983,FirstName819,LastName819,Email@gmail.com819,State819,1001
1236985984,FirstName820,LastName820,Email@gmail.com820,State820,1001
1236985985,FirstName821,LastName821,Email@gmail.com821,State821,1001
1236985986,FirstName822,LastName822,Email@gmail.com822,State822,1001
1236985987,FirstName823,LastName823,Email@gmail.com823,State823,1001
1236985988,FirstName824,LastName824,Email@gmail.com824,State824,1001
1236985989,FirstName825,LastName825,Email@gmail.com825,State825,1001
1236985990,FirstName826,LastName826,Email@gmail.com826,State826,1001
1236985991,FirstName827,LastName827,Email@gmail.com827,State827,1001
1236985992,FirstName828,LastName828,Email@gmail.com828,State828,1001
1236985993,FirstName829,LastName829,Email@gmail.com829,State829,1001
1236985994,FirstName830,LastName830,Email@gmail.com830,State830,1001
1236985995,FirstName831,LastName831,Email@gmail.com831,State831,1001
1236985996,FirstName832,LastName832,Email@gmail.com832,State832,1001
1236985997,FirstName833,LastName833,Email@gmail.com833,State833,1001
1236985998,FirstName834,LastName834,Email@gmail.com834,State834,1001
1236985999,FirstName835,LastName835,Email@gmail.com835,State835,1001
1236986000,FirstName836,LastName836,Email@gmail.com836,State836,1001
1236986001,FirstName837,LastName837,Email@gmail.com837,State837,1001
1236986002,FirstName838,LastName838,Email@gmail.com838,State838,1001
1236986003,FirstName839,LastName839,Email@gmail.com839,State839,1001
1236986004,FirstName840,LastName840,Email@gmail.com840,State840,1001
1236986005,FirstName841,LastName841,Email@gmail.com841,State841,1001
1236986006,FirstName842,LastName842,Email@gmail.com842,State842,1001
1236986007,FirstName843,LastName843,Email@gmail.com843,State843,1001
1236986008,FirstName844,LastName844,Email@gmail.com844,State844,1001
1236986009,FirstName845,LastName845,Email@gmail.com845,State845,1001
1236986010,FirstName846,LastName846,Email@gmail.com846,State846,1001
1236986011,FirstName847,LastName847,Email@gmail.com847,State847,1001
1236986012,FirstName848,LastName848,Email@gmail.com848,State848,1001
1236986013,FirstName849,LastName849,Email@gmail.com849,State849,1001
1236986014,FirstName850,LastName850,Email@gmail.com850,State850,1001
1236986015,FirstName851,LastName851,Email@gmail.com851,State851,1001
1236986016,FirstName852,LastName852,Email@gmail.com852,State852,1001
1236986017,FirstName853,LastName853,Email@gmail.com853,State853,1001
1236986018,FirstName854,LastName854,Email@gmail.com854,State854,1001
1236986019,FirstName855,LastName855,Email@gmail.com855,State855,1001
1236986020,FirstName856,LastName856,Email@gmail.com856,State856,1001
1236986021,FirstName857,LastName857,Email@gmail.com857,State857,1001
1236986022,FirstName858,LastName858,Email@gmail.com858,State858,1001
1236986023,FirstName859,LastName859,Email@gmail.com859,State859,1001
1236986024,FirstName860,LastName860,Email@gmail.com860,State860,1001
1236986025,FirstName861,LastName861,Email@gmail.com861,State861,1001
1236986026,FirstName862,LastName862,Email@gmail.com862,State862,1001
1236986027,FirstName863,LastName863,Email@gmail.com863,State863,1001
1236986028,FirstName864,LastName864,Email@gmail.com864,State864,1001
1236986029,FirstName865,LastName865,Email@gmail.com865,State865,1001
1236986030,FirstName866,LastName866,Email@gmail.com866,State866,1001
1236986031,FirstName867,LastName867,Email@gmail.com867,State867,1001
1236986032,FirstName868,LastName868,Email@gmail.com868,State868,1001
1236986033,FirstName869,LastName869,Email@gmail.com869,State869,1001
1236986034,FirstName870,LastName870,Email@gmail.com870,State870,1001
1236986035,FirstName871,LastName871,Email@gmail.com871,State871,1001
1236986036,FirstName872,LastName872,Email@gmail.com872,State872,1001
1236986037,FirstName873,LastName873,Email@gmail.com873,State873,1001
1236986038,FirstName874,LastName874,Email@gmail.com874,State874,1001
1236986039,FirstName875,LastName875,Email@gmail.com875,State875,1001
1236986040,FirstName876,LastName876,Email@gmail.com876,State876,1001
1236986041,FirstName877,LastName877,Email@gmail.com877,State877,1001
1236986042,FirstName878,LastName878,Email@gmail.com878,State878,1001
1236986043,FirstName879,LastName879,Email@gmail.com879,State879,1001
1236986044,FirstName880,LastName880,Email@gmail.com880,State880,1001
1236986045,FirstName881,LastName881,Email@gmail.com881,State881,1001
1236986046,FirstName882,LastName882,Email@gmail.com882,State882,1001
1236986047,FirstName883,LastName883,Email@gmail.com883,State883,1001
1236986048,FirstName884,LastName884,Email@gmail.com884,State884,1001
1236986049,FirstName885,LastName885,Email@gmail.com885,State885,1001
1236986050,FirstName886,LastName886,Email@gmail.com886,State886,1001
1236986051,FirstName887,LastName887,Email@gmail.com887,State887,1001
1236986052,FirstName888,LastName888,Email@gmail.com888,State888,1001
1236986053,FirstName889,LastName889,Email@gmail.com889,State889,1001
1236986054,FirstName890,LastName890,Email@gmail.com890,State890,1001
1236986055,FirstName891,LastName891,Email@gmail.com891,State891,1001
1236986056,FirstName892,LastName892,Email@gmail.com892,State892,1001
1236986057,FirstName893,LastName893,Email@gmail.com893,State893,1001
1236986058,FirstName894,LastName894,Email@gmail.com894,State894,1001
1236986059,FirstName895,LastName895,Email@gmail.com895,State895,1001
1236986060,FirstName896,LastName896,Email@gmail.com896,State896,1001
1236986061,FirstName897,LastName897,Email@gmail.com897,State897,1001
1236986062,FirstName898,LastName898,Email@gmail.com898,State898,1001
1236986063,FirstName899,LastName899,Email@gmail.com899,State899,1001
1236986064,FirstName900,LastName900,Email@gmail.com900,State900,1001
1236986065,FirstName901,LastName901,Email@gmail.com901,State901,1001
1236986066,FirstName902,LastName902,Email@gmail.com902,State902,1001
1236986067,FirstName903,LastName903,Email@gmail.com903,State903,1001
1236986068,FirstName904,LastName904,Email@gmail.com904,State904,1001
1236986069,FirstName905,LastName905,Email@gmail.com905,State905,1001
1236986070,FirstName906,LastName906,Email@gmail.com906,State906,1001
1236986071,FirstName907,LastName907,Email@gmail.com907,State907,1001
1236986072,FirstName908,LastName908,Email@gmail.com908,State908,1001
1236986073,FirstName909,LastName909,Email@gmail.com909,State909,1001
1236986074,FirstName910,LastName910,Email@gmail.com910,State910,1001
1236986075,FirstName911,LastName911,Email@gmail.com911,State911,1001
1236986076,FirstName912,LastName912,Email@gmail.com912,State912,1001
1236986077,FirstName913,LastName913,Email@gmail.com913,State913,1001
1236986078,FirstName914,LastName914,Email@gmail.com914,State914,1001
1236986079,FirstName915,LastName915,Email@gmail.com915,State915,1001
1236986080,FirstName916,LastName916,Email@gmail.com916,State916,1001
1236986081,FirstName917,LastName917,Email@gmail.com917,State917,1001
1236986082,FirstName918,LastName918,Email@gmail.com918,State918,1001
1236986083,FirstName919,LastName919,Email@gmail.com919,State919,1001
1236986084,FirstName920,LastName920,Email@gmail.com920,State920,1001
1236986085,FirstName921,LastName921,Email@gmail.com921,State921,1001
1236986086,FirstName922,LastName922,Email@gmail.com922,State922,1001
1236986087,FirstName923,LastName923,Email@gmail.com923,State923,1001
1236986088,FirstName924,LastName924,Email@gmail.com924,State924,1001
1236986089,FirstName925,LastName925,Email@gmail.com925,State925,1001
1236986090,FirstName926,LastName926,Email@gmail.com926,State926,1001
1236986091,FirstName927,LastName927,Email@gmail.com927,State927,1001
1236986092,FirstName928,LastName928,Email@gmail.com928,State928,1001
1236986093,FirstName929,LastName929,Email@gmail.com929,State929,1001
1236986094,FirstName930,LastName930,Email@gmail.com930,State930,1001
1236986095,FirstName931,LastName931,Email@gmail.com931,State931,1001
1236986096,FirstName932,LastName932,Email@gmail.com932,State932,1001
1236986097,FirstName933,LastName933,Email@gmail.com933,State933,1001
1236986098,FirstName934,LastName934,Email@gmail.com934,State934,1001
1236986099,FirstName935,LastName935,Email@gmail.com935,State935,1001
1236986100,FirstName936,LastName936,Email@gmail.com936,State936,1001
1236986101,FirstName937,LastName937,Email@gmail.com937,State937,1001
1236986102,FirstName938,LastName938,Email@gmail.com938,State938,1001
1236986103,FirstName939,LastName939,Email@gmail.com939,State939,1001
1236986104,FirstName940,LastName940,Email@gmail.com940,State940,1001
1236986105,FirstName941,LastName941,Email@gmail.com941,State941,1001
1236986106,FirstName942,LastName942,Email@gmail.com942,State942,1001
1236986107,FirstName943,LastName943,Email@gmail.com943,State943,1001
1236986108,FirstName944,LastName944,Email@gmail.com944,State944,1001
1236986109,FirstName945,LastName945,Email@gmail.com945,State945,1001
1236986110,FirstName946,LastName946,Email@gmail.com946,State946,1001
1236986111,FirstName947,LastName947,Email@gmail.com947,State947,1001
1236986112,FirstName948,LastName948,Email@gmail.com948,State948,1001
1236986113,FirstName949,LastName949,Email@gmail.com949,State949,1001
1236986114,FirstName950,LastName950,Email@gmail.com950,State950,1001
1236986115,FirstName951,LastName951,Email@gmail.com951,State951,1001
1236986116,FirstName952,LastName952,Email@gmail.com952,State952,1001
1236986117,FirstName953,LastName953,Email@gmail.com953,State953,1001
1236986118,FirstName954,LastName954,Email@gmail.com954,State954,1001
1236986119,FirstName955,LastName955,Email@gmail.com955,State955,1001
1236986120,FirstName956,LastName956,Email@gmail.com956,State956,1001
1236986121,FirstName957,LastName957,Email@gmail.com957,State957,1001
1236986122,FirstName958,LastName958,Email@gmail.com958,State958,1001
1236986123,FirstName959,LastName959,Email@gmail.com959,State959,1001
1236986124,FirstName960,LastName960,Email@gmail.com960,State960,1001
1236986125,FirstName961,LastName961,Email@gmail.com961,State961,1001
1236986126,FirstName962,LastName962,Email@gmail.com962,State962,1001
1236986127,FirstName963,LastName963,Email@gmail.com963,State963,1001
1236986128,FirstName964,LastName964,Email@gmail.com964,State964,1001
1236986129,FirstName965,LastName965,Email@gmail.com965,State965,1001
1236986130,FirstName966,LastName966,Email@gmail.com966,State966,1001
1236986131,FirstName967,LastName967,Email@gmail.com967,State967,1001
1236986132,FirstName968,LastName968,Email@gmail.com968,State968,1001
1236986133,FirstName969,LastName969,Email@gmail.com969,State969,1001
1236986134,FirstName970,LastName970,Email@gmail.com970,State970,1001
1236986135,FirstName971,LastName971,Email@gmail.com971,State971,1001
1236986136,FirstName972,LastName972,Email@gmail.com972,State972,1001
1236986137,FirstName973,LastName973,Email@gmail.com973,State973,1001
1236986138,FirstName974,LastName974,Email@gmail.com974,State974,1001
1236986139,FirstName975,LastName975,Email@gmail.com975,State975,1001
1236986140,FirstName976,LastName976,Email@gmail.com976,State976,1001
1236986141,FirstName977,LastName977,Email@gmail.com977,State977,1001
1236986142,FirstName978,LastName978,Email@gmail.com978,State978,1001
1236986143,FirstName979,LastName979,Email@gmail.com979,State979,1001
1236986144,FirstName980,LastName980,Email@gmail.com980,State980,1001
1236986145,FirstName981,LastName981,Email@gmail.com981,State981,1001
1236986146,FirstName982,LastName982,Email@gmail.com982,State982,1001
1236986147,FirstName983,LastName983,Email@gmail.com983,State983,1001
1236986148,FirstName984,LastName984,Email@gmail.com984,State984,1001
1236986149,FirstName985,LastName985,Email@gmail.com985,State985,1001
1236986150,FirstName986,LastName986,Email@gmail.com986,State986,1001
1236986151,FirstName987,LastName987,Email@gmail.com987,State987,1001
1236986152,FirstName988,LastName988,Email@gmail.com988,State988,1001
1236986153,FirstName989,LastName989,Email@gmail.com989,State989,1001
1236986154,FirstName990,LastName990,Email@gmail.com990,State990,1001
1236986155,FirstName991,LastName991,Email@gmail.com991,State991,1001
1236986156,FirstName992,LastName992,Email@gmail.com992,State992,1001
1236986157,FirstName993,LastName993,Email@gmail.com993,State993,1001
1236986158,FirstName994,LastName994,Email@gmail.com994,State994,1001
1236986159,FirstName995,LastName995,Email@gmail.com995,State995,1001
1236986160,FirstName996,LastName996,Email@gmail.com996,State996,1001
1236986161,FirstName997,LastName997,Email@gmail.com997,State997,1001
1236986162,FirstName998,LastName998,Email@gmail.com998,State998,1001
1236986163,FirstName999,LastName999,Email@gmail.com999,State999,1001
1236986164,FirstName1000,LastName1000,Email@gmail.com1000,State1000,1001
1236986165,FirstName1001,LastName1001,Email@gmail.com1001,State1001,1001
1236986166,FirstName1002,LastName1002,Email@gmail.com1002,State1002,1001
1236986167,FirstName1003,LastName1003,Email@gmail.com1003,State1003,1001
1236986168,FirstName1004,LastName1004,Email@gmail.com1004,State1004,1001
1236986169,FirstName1005,LastName1005,Email@gmail.com1005,State1005,1001
1236986170,FirstName1006,LastName1006,Email@gmail.com1006,State1006,1001
1236986171,FirstName1007,LastName1007,Email@gmail.com1007,State1007,1001
1236986172,FirstName1008,LastName1008,Email@gmail.com1008,State1008,1001
1236986173,FirstName1009,LastName1009,Email@gmail.com1009,State1009,1001
1236986174,FirstName1010,LastName1010,Email@gmail.com1010,State1010,1001
1236986175,FirstName1011,LastName1011,Email@gmail.com1011,State1011,1001
1236986176,FirstName1012,LastName1012,Email@gmail.com1012,State1012,1001
1236986177,FirstName1013,LastName1013,Email@gmail.com1013,State1013,1001
1236986178,FirstName1014,LastName1014,Email@gmail.com1014,State1014,1001
1236986179,FirstName1015,LastName1015,Email@gmail.com1015,State1015,1001
1236986180,FirstName1016,LastName1016,Email@gmail.com1016,State1016,1001
1236986181,FirstName1017,LastName1017,Email@gmail.com1017,State1017,1001
1236986182,FirstName1018,LastName1018,Email@gmail.com1018,State1018,1001
1236986183,FirstName1019,LastName1019,Email@gmail.com1019,State1019,1001
1236986184,FirstName1020,LastName1020,Email@gmail.com1020,State1020,1001
1236986185,FirstName1021,LastName1021,Email@gmail.com1021,State1021,1001
1236986186,FirstName1022,LastName1022,Email@gmail.com1022,State1022,1001
1236986187,FirstName1023,LastName1023,Email@gmail.com1023,State1023,1001
1236986188,FirstName1024,LastName1024,Email@gmail.com1024,State1024,1001
1236986189,FirstName1025,LastName1025,Email@gmail.com1025,State1025,1001
1236986190,FirstName1026,LastName1026,Email@gmail.com1026,State1026,1001
1236986191,FirstName1027,LastName1027,Email@gmail.com1027,State1027,1001
1236986192,FirstName1028,LastName1028,Email@gmail.com1028,State1028,1001
1236986193,FirstName1029,LastName1029,Email@gmail.com1029,State1029,1001
1236986194,FirstName1030,LastName1030,Email@gmail.com1030,State1030,1001
1236986195,FirstName1031,LastName1031,Email@gmail.com1031,State1031,1001
1236986196,FirstName1032,LastName1032,Email@gmail.com1032,State1032,1001
1236986197,FirstName1033,LastName1033,Email@gmail.com1033,State1033,1001
1236986198,FirstName1034,LastName1034,Email@gmail.com1034,State1034,1001
1236986199,FirstName1035,LastName1035,Email@gmail.com1035,State1035,1001
1236986200,FirstName1036,LastName1036,Email@gmail.com1036,State1036,1001
1236986201,FirstName1037,LastName1037,Email@gmail.com1037,State1037,1001
1236986202,FirstName1038,LastName1038,Email@gmail.com1038,State1038,1001
1236986203,FirstName1039,LastName1039,Email@gmail.com1039,State1039,1001
1236986204,FirstName1040,LastName1040,Email@gmail.com1040,State1040,1001
1236986205,FirstName1041,LastName1041,Email@gmail.com1041,State1041,1001
1236986206,FirstName1042,LastName1042,Email@gmail.com1042,State1042,1001
1236986207,FirstName1043,LastName1043,Email@gmail.com1043,State1043,1001
1236986208,FirstName1044,LastName1044,Email@gmail.com1044,State1044,1001
1236986209,FirstName1045,LastName1045,Email@gmail.com1045,State1045,1001
1236986210,FirstName1046,LastName1046,Email@gmail.com1046,State1046,1001
1236986211,FirstName1047,LastName1047,Email@gmail.com1047,State1047,1001
1236986212,FirstName1048,LastName1048,Email@gmail.com1048,State1048,1001
1236986213,FirstName1049,LastName1049,Email@gmail.com1049,State1049,1001
1236986214,FirstName1050,LastName1050,Email@gmail.com1050,State1050,1001
1236986215,FirstName1051,LastName1051,Email@gmail.com1051,State1051,1001
1236986216,FirstName1052,LastName1052,Email@gmail.com1052,State1052,1001
1236986217,FirstName1053,LastName1053,Email@gmail.com1053,State1053,1001
1236986218,FirstName1054,LastName1054,Email@gmail.com1054,State1054,1001
1236986219,FirstName1055,LastName1055,Email@gmail.com1055,State1055,1001
1236986220,FirstName1056,LastName1056,Email@gmail.com1056,State1056,1001
1236986221,FirstName1057,LastName1057,Email@gmail.com1057,State1057,agsgsg
1236986222,FirstName1058,LastName1058,Email@gmail.com1058,State1058,1001
1236986223,FirstName1059,LastName1059,Email@gmail.com1059,State1059,1001
1236986224,FirstName1060,LastName1060,Email@gmail.com1060,State1060,1001
1236986225,FirstName1061,LastNamenamw,Emailgmail.com1061,State1061,1001
0123698622a,FirstName1062,LastName1062,Email@gmail.com1062,State1062,1001
1236986227,FirstName1063,LastName1063,Email@gmail.com1063,State1063,1001
1236986228,FirstName1064,LastName1064,Emailgmail.com1064,State1064,1001
1236986229,,LastName1065,Email@gmail.com1065,State1065,1001
1236986230,FirstName1066,LastName1066,Email@gmail.com1066,State1066,1001
1236986231,FirstName1067,LastName1067,Email@gmail.com1067,State1067,1001
1236986232,FirstName1068,LastName1068,Email@gmail.com1068,State1068,1001
1236986233,FirstName1069,LastName1069,Email@gmail.com1069,,1001
1236986234,FirstName1070,LastName1070,Email@gmail.com1070,State1070,1001
1236986235,FirstName1071,LastName1071,Email@gmail.com1071,State1071,1001
1236986236,FirstName1072,LastName1072,Email@gmail.com1072,State1072,1001
1236986237,FirstName1073,LastName1073,Email@gmail.com1073,State1073,1001
1236986238,FirstName1074,LastName1074,Email@gmail.com1074,State1074,1001
